#
# This list is used by git-shortlog to fix a few botched name translations
# in the git archive, either because the author's full name was messed up
# and/or not always written the same way, making contributions from the
# same person appearing not to be so or badly displayed.
# With this file it is possible with an easy way to clean up the repository
# in combination with git-filter-repo too.
# see https://github.com/newren/git-filter-repo
#
# 	$ git filter-repo -f --use-mailmap
#

Benny <Benny@users.noreply.github.com> Benny <>
BPanther <bpanther_ts@hotmail.com> BPanther <BPanther@users.noreply.github.com>
bazi98 <bazi98@web.de> bazi98 <fritz@example.com>
[CST] Bas <bas@coolstreamtech.com> S.R. van Loon <bas@bvl-mbp-001.(none)>
[CST] Focus <focus.cst@gmail.com> focus <focus@e54a6e83-5905-42d5-8d5c-058d10e6a962>
[CST] Nicu <popescunicolae7@hotmail.com> [CST]Nicu <popescunicolae7@hotmail.com>
[CST] Lucian <lucian@coolstreamtech.com>lucgas <lucgas@e54a6e83-5905-42d5-8d5c-058d10e6a962>
DboxOldie <DboxOdlie@users.noreply.github.com> DboxOdlie <>
DboxOldie <DboxOdlie@users.noreply.github.com> DboxOldie <>
DboxOldie <DboxOdlie@users.noreply.github.com> DboxOldie <no@adress>
defans <defans@bluepeercrew.us> snafed <snafed@bluepeercrew.us>
defans <defans@bluepeercrew.us> SatBaby <svenhoefer@svenhoefer.com>
defans <defans@bluepeercrew.us> snafed <svenhoefer@svenhoefer.com>
defans <defans@bluepeercrew.us> svenhoefer, SatBaby, snafed <svenhoefer@svenhoefer.com>
defans <defans@bluepeercrew.us> svenhoefer, snafed <svenhoefer@svenhoefer.com>
FlatTV <FlatTV@gmx.de> FlatTV <FlatTV@linux-z6o4.site>
Frankenstone <dampf_acc@online.de> Frankenstone <dampf_acc@yahoo.com>
GetAway <get-away@t-online.de> GetAway <get-away@t-online.de>
gixxpunk <thomas.harfmann@gmail.com> gandharva <gandharva@gmx.de>
gixxpunk <thomas.harfmann@gmail.com> Striper <gandharva@gmx.de>
gixxpunk <thomas.harfmann@gmail.com> striper <striper@e54a6e83-5905-42d5-8d5c-058d10e6a962>
gixxpunk <thomas.harfmann@gmail.com> striper <striper@gmx.de>
gixxpunk <thomas.harfmann@gmail.com> Thomas Harfmann <thomas.harfmann@gmail.com>
gixxpunk <thomas.harfmann@gmail.com> gixxpunk <gandharva@gmx.de>
Hendi <hendi48@freenet.de> Hendi48 <32822533+Hendi48@users.noreply.github.com>
J. Krieg <bellum07@googlemail.com> bellum <bellum07@googlemail.com>
Jacek Jendrzej <overx300@gmail.com> Jacek Jendrzej <crashdvb@googlemail.com>
Jacek Jendrzej <overx300@gmail.com> Jacek Jendrzej <satbaby@kawaii.com>
Jacek Jendrzej <overx300@gmail.com> satbaby <>
Jacek Jendrzej <overx300@gmail.com> satbaby <crashdvb@googlemail.com>
Jacek Jendrzej <overx300@gmail.com> satbaby <satbaby>
Jacek Jendrzej <overx300@gmail.com> satbaby <satbaby@e54a6e83-5905-42d5-8d5c-058d10e6a962>
Jacek Jendrzej <overx300@gmail.com> j00zek <zdzislaw22@windowslive.com>
Jacek Jendrzej <overx300@gmail.com> j00zek <j00zek@ubuntu.(none)>
Jacek Jendrzej <overx300@gmail.com> j00zek <j00zek@users.noreply.github.com>
Knicko <knicko@glj.servebbs.com> Knicko007 <knicko@glj.servebbs.com>
Markus Volk <f_l_k@t-online.de> flk <f_l_k@t-online.de>
Markus Volk <f_l_k@t-online.de> Markus Volk <flk@linux.fritz.box>
Markus Volk <f_l_k@t-online.de> MarkusVolk <f_l_k@t-online.de>
martii <m4rtii@gmx.de>
max_10 <max_10@gmx.de> max10 <max_10@gmx.de>
max_10 <max_10@gmx.de> MaxWiesel <max_10@gmx.de>
max_10 <max_10@gmx.de> max <max_10@gmx.de>
Michael Liebmann <tuxcode.bbg@gmail.com> micha-bbg <micha-bbg@e54a6e83-5905-42d5-8d5c-058d10e6a962>
Michael Liebmann <tuxcode.bbg@gmail.com> micha-bbg <tuxcode.bbg@gmail.com>
Michael Liebmann <tuxcode.bbg@gmail.com> micha-bbg <tuxcode.bbg@googlemail.com>
Michael Liebmann <tuxcode.bbg@gmail.com> M. Liebmann <git@tuxcode.de>
Michael Liebmann <tuxcode.bbg@gmail.com> M. Liebmann <tuxcode.bbg@gmail.com>
Michael Liebmann <tuxcode.bbg@gmail.com> [priv] M. Liebmann <git@tuxcode.de>
Michael Liebmann <tuxcode.bbg@gmail.com> [priv] M. Liebmann <tuxcode.bbg@gmail.com>
Michael Liebmann <tuxcode.bbg@gmail.com> Michael Liebmann <micha-bbg@users.noreply.github.com>
redblue-pkt <redblue-pkt@orange.pl> redblue-pkt <17146148+redblue-pkt@users.noreply.github.com>
redblue-pkt <redblue-pkt@orange.pl> redblue.pkt <redblue.pkt@orange.pl>
rhabarber1848 <rhabarber1848@web.de> rhabarber1848 <rhabarber1848>
Stefan Seyfried <seife@tuxbox-git.slipkontur.de> seife <seife@e54a6e83-5905-42d5-8d5c-058d10e6a962>
Stefan Seyfried <seife@tuxbox-git.slipkontur.de> Stefan Seyfried <seife+github@b1-systems.com>
TangoCash <eric@loxat.de> Eric Loxat <eric@loxat.de>
TangoCash <eric@loxat.de> TangoCash <DaHooD@web.de>
TangoCash <eric@loxat.de> TangoCash <me@spamdot.com>
Thilo Graf <dbt@novatux.de> thilo <dbt@novatux.de>
Thilo Graf <dbt@novatux.de> Thilo Graf <tg.pnhd@novatux.de>
Thilo Graf <dbt@novatux.de> thilo <thilo@e54a6e83-5905-42d5-8d5c-058d10e6a962>
vanhofen <vanhofen@gmx.de> svenhoefer <svenhoefer@e54a6e83-5905-42d5-8d5c-058d10e6a962>
vanhofen <vanhofen@gmx.de> svenhoefer <svenhoefer@svenhoefer.com>
vanhofen <vanhofen@gmx.de> Sven Höfer <svenhoefer@svenhoefer.com>
vanhofen <vanhofen@gmx.de> NI-Team <neutrino-images.de>
vanhofen <vanhofen@gmx.de> vanhofen <vanhofen@jessie>
yjogol <yjogol2@online.de> yjogol <yjogol@e54a6e83-5905-42d5-8d5c-058d10e6a962>
zukon <zukon@o2.pl> zukon <zukon@tlen.pl>
